date,cosp,comp,tot1,tot2,p_cosp,p_comp
"2016-10-01","0","0","533","533","0","0"
"2016-10-02","0","0","500","500","0","0"
"2016-10-03","0","0","728","728","0","0"
"2016-10-04","0","2","803","803","0","0.0024906600249066002"
"2016-10-05","0","0","701","701","0","0"
"2016-10-06","0","1","780","780","0","0.001282051282051282"
"2016-10-07","0","1","682","682","0","0.001466275659824047"
"2016-10-08","0","0","454","454","0","0"
"2016-10-09","0","1","430","430","0","0.002325581395348837"
"2016-10-10","0","1","663","663","0","0.0015082956259426848"
"2016-10-11","1","2","737","737","0.0013568521031207597","0.0027137042062415195"
"2016-10-12","0","1","707","707","0","0.0014144271570014145"
"2016-10-13","0","2","737","737","0","0.0027137042062415195"
"2016-10-14","1","1","703","703","0.001422475106685633","0.001422475106685633"
"2016-10-15","0","0","396","396","0","0"
"2016-10-16","0","1","451","451","0","0.0022172949002217295"
"2016-10-17","0","0","698","698","0","0"
"2016-10-18","0","0","776","776","0","0"
"2016-10-19","1","0","747","747","0.0013386880856760374","0"
"2016-10-20","0","1","784","784","0","0.0012755102040816326"
"2016-10-21","0","0","657","657","0","0"
"2016-10-22","0","1","432","432","0","0.0023148148148148147"
"2016-10-23","0","0","401","401","0","0"
"2016-10-24","0","1","651","651","0","0.0015360983102918587"
"2016-10-25","0","0","731","731","0","0"
"2016-10-26","0","3","728","728","0","0.004120879120879121"
"2016-10-27","0","2","619","619","0","0.0032310177705977385"
"2016-10-28","0","1","697","697","0","0.0014347202295552368"
"2016-10-29","0","1","438","438","0","0.00228310502283105"
"2016-10-30","0","4","461","461","0","0.008676789587852495"
"2016-10-31","0","0","586","586","0","0"
"2016-11-01","1","2","499","499","0.002004008016032064","0.004008016032064128"
"2016-11-02","0","1","694","694","0","0.001440922190201729"
"2016-11-03","0","0","787","787","0","0"
"2016-11-04","0","0","717","717","0","0"
"2016-11-05","1","1","428","428","0.002336448598130841","0.002336448598130841"
"2016-11-06","0","0","456","456","0","0"
"2016-11-07","0","2","705","705","0","0.0028368794326241137"
"2016-11-08","0","1","769","769","0","0.0013003901170351106"
"2016-11-09","0","3","839","839","0","0.003575685339690107"
"2016-11-10","2","3","785","785","0.0025477707006369425","0.003821656050955414"
"2016-11-11","0","3","715","715","0","0.004195804195804196"
"2016-11-12","1","0","453","453","0.002207505518763797","0"
"2016-11-13","0","1","384","384","0","0.0026041666666666665"
"2016-11-14","0","2","711","711","0","0.0028129395218002813"
"2016-11-15","0","1","765","765","0","0.00130718954248366"
"2016-11-16","0","3","670","670","0","0.004477611940298508"
"2016-11-17","0","2","718","718","0","0.002785515320334262"
"2016-11-18","2","0","672","672","0.002976190476190476","0"
"2016-11-19","0","1","366","366","0","0.00273224043715847"
"2016-11-20","0","0","346","346","0","0"
"2016-11-21","0","0","676","676","0","0"
"2016-11-22","1","0","673","673","0.0014858841010401188","0"
"2016-11-23","0","2","795","795","0","0.0025157232704402514"
"2016-11-24","0","2","702","702","0","0.002849002849002849"
"2016-11-25","0","1","652","652","0","0.0015337423312883436"
"2016-11-26","0","0","490","490","0","0"
"2016-11-27","0","2","416","416","0","0.004807692307692308"
"2016-11-28","0","0","657","657","0","0"
"2016-11-29","0","0","701","701","0","0"
"2016-11-30","0","3","735","735","0","0.004081632653061225"
"2016-12-01","1","0","674","674","0.001483679525222552","0"
"2016-12-02","0","0","685","685","0","0"
"2016-12-03","0","0","412","412","0","0"
"2016-12-04","0","1","510","510","0","0.00196078431372549"
"2016-12-05","2","2","648","648","0.0030864197530864196","0.0030864197530864196"
"2016-12-06","0","1","698","698","0","0.0014326647564469914"
"2016-12-07","0","1","665","665","0","0.0015037593984962407"
"2016-12-08","0","1","537","537","0","0.00186219739292365"
"2016-12-09","0","0","610","610","0","0"
"2016-12-10","0","0","370","370","0","0"
"2016-12-11","0","1","430","430","0","0.002325581395348837"
"2016-12-12","0","0","714","714","0","0"
"2016-12-13","0","0","671","671","0","0"
"2016-12-14","0","0","700","700","0","0"
"2016-12-15","0","1","659","659","0","0.0015174506828528073"
"2016-12-16","0","0","611","611","0","0"
"2016-12-17","0","0","409","409","0","0"
"2016-12-18","0","0","420","420","0","0"
"2016-12-19","0","0","662","662","0","0"
"2016-12-20","0","1","386","386","0","0.0025906735751295338"
"2016-12-21","1","0","622","622","0.001607717041800643","0"
"2016-12-22","0","0","657","657","0","0"
"2016-12-23","0","1","528","528","0","0.001893939393939394"
"2016-12-24","0","0","244","244","0","0"
"2016-12-25","0","0","140","140","0","0"
"2016-12-26","0","0","328","328","0","0"
"2016-12-27","0","0","527","527","0","0"
"2016-12-28","0","0","566","566","0","0"
"2016-12-29","0","0","530","530","0","0"
"2016-12-30","0","1","514","514","0","0.0019455252918287938"
"2016-12-31","0","0","269","269","0","0"
"2017-01-01","0","0","299","299","0","0"
"2017-01-02","0","0","533","533","0","0"
"2017-01-03","0","0","589","589","0","0"
"2017-01-04","0","0","586","586","0","0"
"2017-01-05","0","1","533","533","0","0.001876172607879925"
"2017-01-06","0","0","425","425","0","0"
"2017-01-07","0","0","394","394","0","0"
"2017-01-08","0","0","418","418","0","0"
"2017-01-09","0","1","700","700","0","0.0014285714285714286"
"2017-01-10","0","1","766","766","0","0.0013054830287206266"
"2017-01-11","0","1","713","713","0","0.001402524544179523"
"2017-01-12","0","0","759","759","0","0"
"2017-01-13","0","0","654","654","0","0"
"2017-01-14","0","0","438","438","0","0"
"2017-01-15","0","0","459","459","0","0"
"2017-01-16","2","0","681","681","0.002936857562408223","0"
"2017-01-17","0","0","765","765","0","0"
"2017-01-18","0","0","754","754","0","0"
"2017-01-19","0","0","702","702","0","0"
"2017-01-20","0","2","667","667","0","0.0029985007496251873"
"2017-01-21","0","0","453","453","0","0"
"2017-01-22","0","0","419","419","0","0"
"2017-01-23","0","0","676","676","0","0"
"2017-01-24","0","0","714","714","0","0"
"2017-01-25","0","0","734","734","0","0"
"2017-01-26","0","2","653","653","0","0.0030627871362940277"
"2017-01-27","0","1","706","706","0","0.00141643059490085"
"2017-01-28","0","2","475","475","0","0.004210526315789474"
"2017-01-29","0","0","452","452","0","0"
"2017-01-30","0","1","699","699","0","0.001430615164520744"
"2017-01-31","0","0","714","714","0","0"
"2017-02-01","0","0","700","700","0","0"
"2017-02-02","0","1","742","742","0","0.0013477088948787063"
"2017-02-03","0","0","686","686","0","0"
"2017-02-04","0","0","412","412","0","0"
"2017-02-05","0","0","402","402","0","0"
"2017-02-06","0","0","724","724","0","0"
"2017-02-07","0","0","779","779","0","0"
"2017-02-08","0","0","774","774","0","0"
"2017-02-09","0","0","787","787","0","0"
"2017-02-10","0","0","734","734","0","0"
"2017-02-11","0","0","471","471","0","0"
"2017-02-12","0","0","419","419","0","0"
"2017-02-13","0","1","673","673","0","0.0014858841010401188"
"2017-02-14","0","1","714","714","0","0.0014005602240896359"
"2017-02-15","0","0","713","713","0","0"
"2017-02-16","0","1","716","716","0","0.0013966480446927375"
"2017-02-17","0","0","644","644","0","0"
"2017-02-18","0","0","419","419","0","0"
"2017-02-19","0","0","428","428","0","0"
"2017-02-20","0","0","624","624","0","0"
"2017-02-21","0","0","715","715","0","0"
"2017-02-22","0","2","705","705","0","0.0028368794326241137"
"2017-02-23","0","0","700","700","0","0"
"2017-02-24","0","0","678","678","0","0"
"2017-02-25","0","0","415","415","0","0"
"2017-02-26","0","1","418","418","0","0.0023923444976076554"
"2017-02-27","0","0","683","683","0","0"
"2017-02-28","0","0","730","730","0","0"
"2017-03-01","0","0","722","722","0","0"
"2017-03-02","0","0","670","670","0","0"
"2017-03-03","0","0","701","701","0","0"
"2017-03-04","0","1","414","414","0","0.0024154589371980675"
"2017-03-05","0","1","395","395","0","0.002531645569620253"
"2017-03-06","0","2","601","601","0","0.0033277870216306157"
"2017-03-07","0","0","694","694","0","0"
"2017-03-08","0","0","733","733","0","0"
"2017-03-09","0","0","759","759","0","0"
"2017-03-10","0","0","611","611","0","0"
"2017-03-11","0","0","354","354","0","0"
"2017-03-12","0","0","351","351","0","0"
"2017-03-13","0","2","648","648","0","0.0030864197530864196"
"2017-03-14","1","0","691","691","0.001447178002894356","0"
"2017-03-15","1","0","717","717","0.001394700139470014","0"
"2017-03-16","0","3","726","726","0","0.004132231404958678"
"2017-03-17","0","2","718","718","0","0.002785515320334262"
"2017-03-18","0","0","432","432","0","0"
"2017-03-19","0","0","419","419","0","0"
"2017-03-20","1","1","747","747","0.0013386880856760374","0.0013386880856760374"
"2017-03-21","0","1","704","704","0","0.0014204545454545455"
"2017-03-22","0","1","780","780","0","0.001282051282051282"
"2017-03-23","0","0","754","754","0","0"
"2017-03-24","0","1","673","673","0","0.0014858841010401188"
"2017-03-25","0","0","329","329","0","0"
"2017-03-26","0","3","415","415","0","0.007228915662650603"
"2017-03-27","0","2","710","710","0","0.0028169014084507044"
"2017-03-28","0","1","738","738","0","0.0013550135501355014"
"2017-03-29","0","0","670","670","0","0"
"2017-03-30","0","0","742","742","0","0"
"2017-03-31","0","2","715","715","0","0.002797202797202797"
"2017-04-01","0","0","475","475","0","0"
"2017-04-02","0","1","425","425","0","0.002352941176470588"
"2017-04-03","0","0","728","728","0","0"
"2017-04-04","0","1","766","766","0","0.0013054830287206266"
"2017-04-05","0","1","759","759","0","0.0013175230566534915"
"2017-04-06","0","0","783","783","0","0"
"2017-04-07","1","1","708","708","0.0014124293785310734","0.0014124293785310734"
"2017-04-08","1","0","445","445","0.0022471910112359553","0"
"2017-04-09","0","1","385","385","0","0.0025974025974025974"
"2017-04-10","0","0","717","717","0","0"
"2017-04-11","0","3","755","755","0","0.003973509933774834"
"2017-04-12","0","1","736","736","0","0.001358695652173913"
"2017-04-13","0","0","730","730","0","0"
"2017-04-14","0","0","668","668","0","0"
"2017-04-15","0","0","407","407","0","0"
"2017-04-16","0","0","251","251","0","0"
"2017-04-17","0","0","380","380","0","0"
"2017-04-18","0","0","633","633","0","0"
"2017-04-19","0","1","695","695","0","0.0014388489208633094"
"2017-04-20","0","0","766","766","0","0"
"2017-04-21","0","1","721","721","0","0.0013869625520110957"
"2017-04-22","0","0","433","433","0","0"
"2017-04-23","0","0","428","428","0","0"
"2017-04-24","0","0","588","588","0","0"
"2017-04-25","0","1","489","489","0","0.002044989775051125"
"2017-04-26","0","1","706","706","0","0.00141643059490085"
"2017-04-27","0","1","725","725","0","0.001379310344827586"
"2017-04-28","0","1","670","670","0","0.0014925373134328358"
"2017-04-29","0","0","431","431","0","0"
"2017-04-30","0","1","444","444","0","0.0022522522522522522"
"2017-05-01","0","0","294","294","0","0"
"2017-05-02","0","1","704","704","0","0.0014204545454545455"
"2017-05-03","2","2","713","713","0.002805049088359046","0.002805049088359046"
"2017-05-04","0","1","713","713","0","0.001402524544179523"
"2017-05-05","0","1","709","709","0","0.0014104372355430183"
"2017-05-06","0","0","447","447","0","0"
"2017-05-07","0","1","479","479","0","0.0020876826722338203"
"2017-05-08","0","1","688","688","0","0.0014534883720930232"
"2017-05-09","0","1","690","690","0","0.0014492753623188406"
"2017-05-10","0","3","747","747","0","0.004016064257028112"
"2017-05-11","0","0","735","735","0","0"
"2017-05-12","0","1","706","706","0","0.00141643059490085"
"2017-05-13","0","0","478","478","0","0"
"2017-05-14","1","0","422","422","0.002369668246445498","0"
"2017-05-15","0","1","675","675","0","0.0014814814814814814"
"2017-05-16","0","1","739","739","0","0.0013531799729364006"
"2017-05-17","1","0","698","698","0.0014326647564469914","0"
"2017-05-18","0","1","725","725","0","0.001379310344827586"
"2017-05-19","0","0","666","666","0","0"
"2017-05-20","0","1","439","439","0","0.002277904328018223"
"2017-05-21","0","0","455","455","0","0"
"2017-05-22","0","0","761","761","0","0"
"2017-05-23","0","1","777","777","0","0.001287001287001287"
"2017-05-24","1","1","812","812","0.0012315270935960591","0.0012315270935960591"
"2017-05-25","0","0","743","743","0","0"
"2017-05-26","0","1","725","725","0","0.001379310344827586"
"2017-05-27","0","0","471","471","0","0"
"2017-05-28","0","2","430","430","0","0.004651162790697674"
"2017-05-29","0","0","738","738","0","0"
"2017-05-30","0","0","796","796","0","0"
"2017-05-31","0","0","723","723","0","0"
"2017-06-01","0","0","675","675","0","0"
"2017-06-02","0","0","506","506","0","0"
"2017-06-03","0","1","398","398","0","0.002512562814070352"
"2017-06-04","0","0","391","391","0","0"
"2017-06-05","0","0","705","705","0","0"
"2017-06-06","0","1","760","760","0","0.0013157894736842105"
"2017-06-07","0","0","752","752","0","0"
"2017-06-08","0","0","749","749","0","0"
"2017-06-09","0","0","716","716","0","0"
"2017-06-10","0","0","420","420","0","0"
"2017-06-11","0","0","453","453","0","0"
"2017-06-12","0","1","661","661","0","0.0015128593040847202"
"2017-06-13","0","1","738","738","0","0.0013550135501355014"
"2017-06-14","0","1","688","688","0","0.0014534883720930232"
"2017-06-15","0","0","670","670","0","0"
"2017-06-16","0","1","623","623","0","0.0016051364365971107"
"2017-06-17","0","0","454","454","0","0"
"2017-06-18","0","0","417","417","0","0"
"2017-06-19","0","1","609","609","0","0.0016420361247947454"
"2017-06-20","0","0","697","697","0","0"
"2017-06-21","0","0","695","695","0","0"
"2017-06-22","0","1","747","747","0","0.0013386880856760374"
"2017-06-23","0","1","526","526","0","0.0019011406844106464"
"2017-06-24","0","0","99","99","0","0"
"2017-06-25","0","0","430","430","0","0"
"2017-06-26","0","0","673","673","0","0"
"2017-06-27","0","3","746","746","0","0.004021447721179625"
"2017-06-28","0","0","692","692","0","0"
"2017-06-29","0","0","688","688","0","0"
"2017-06-30","0","0","681","681","0","0"
"2017-07-01","0","3","426","426","0","0.007042253521126761"
"2017-07-02","0","0","395","395","0","0"
"2017-07-03","0","0","633","633","0","0"
"2017-07-04","0","0","637","637","0","0"
"2017-07-05","0","1","734","734","0","0.0013623978201634877"
"2017-07-06","0","0","720","720","0","0"
"2017-07-07","1","1","651","651","0.0015360983102918587","0.0015360983102918587"
"2017-07-08","0","0","417","417","0","0"
"2017-07-09","0","1","384","384","0","0.0026041666666666665"
"2017-07-10","0","0","625","625","0","0"
"2017-07-11","0","2","678","678","0","0.0029498525073746312"
"2017-07-12","0","2","708","708","0","0.002824858757062147"
"2017-07-13","0","0","699","699","0","0"
"2017-07-14","2","1","632","632","0.0031645569620253164","0.0015822784810126582"
"2017-07-15","0","0","428","428","0","0"
"2017-07-16","0","1","406","406","0","0.0024630541871921183"
"2017-07-17","0","1","680","680","0","0.0014705882352941176"
"2017-07-18","0","1","706","706","0","0.00141643059490085"
"2017-07-19","0","1","626","626","0","0.001597444089456869"
"2017-07-20","0","0","702","702","0","0"
"2017-07-21","0","0","678","678","0","0"
"2017-07-22","0","0","415","415","0","0"
"2017-07-23","1","1","374","374","0.00267379679144385","0.00267379679144385"
"2017-07-24","0","1","624","624","0","0.0016025641025641025"
"2017-07-25","0","1","732","732","0","0.001366120218579235"
"2017-07-26","0","0","700","700","0","0"
"2017-07-27","0","0","662","662","0","0"
"2017-07-28","0","1","685","685","0","0.00145985401459854"
"2017-07-29","0","0","404","404","0","0"
"2017-07-30","0","0","380","380","0","0"
"2017-07-31","0","0","589","589","0","0"
"2017-08-01","0","1","656","656","0","0.001524390243902439"
"2017-08-02","0","1","637","637","0","0.0015698587127158557"
"2017-08-03","0","1","656","656","0","0.001524390243902439"
"2017-08-04","0","0","560","560","0","0"
"2017-08-05","0","0","404","404","0","0"
"2017-08-06","0","0","395","395","0","0"
"2017-08-07","0","1","560","560","0","0.0017857142857142857"
"2017-08-08","0","0","591","591","0","0"
"2017-08-09","0","1","584","584","0","0.0017123287671232876"
"2017-08-10","0","0","566","566","0","0"
"2017-08-11","0","0","554","554","0","0"
"2017-08-12","0","0","417","417","0","0"
"2017-08-13","0","0","367","367","0","0"
"2017-08-14","0","0","418","418","0","0"
"2017-08-15","0","0","270","270","0","0"
"2017-08-16","0","0","481","481","0","0"
"2017-08-17","0","0","568","568","0","0"
"2017-08-18","0","0","522","522","0","0"
"2017-08-19","0","2","408","408","0","0.004901960784313725"
"2017-08-20","1","1","429","429","0.002331002331002331","0.002331002331002331"
"2017-08-21","0","0","540","540","0","0"
"2017-08-22","0","1","615","615","0","0.0016260162601626016"
"2017-08-23","0","0","591","591","0","0"
"2017-08-24","0","0","665","665","0","0"
"2017-08-25","0","0","598","598","0","0"
"2017-08-26","0","1","440","440","0","0.0022727272727272726"
"2017-08-27","0","1","468","468","0","0.002136752136752137"
"2017-08-28","0","1","588","588","0","0.0017006802721088435"
"2017-08-29","0","2","625","625","0","0.0032"
"2017-08-30","0","0","670","670","0","0"
"2017-08-31","0","1","679","679","0","0.0014727540500736377"
"2017-09-01","0","0","636","636","0","0"
"2017-09-02","0","0","465","465","0","0"
"2017-09-03","0","1","402","402","0","0.0024875621890547263"
"2017-09-04","0","0","655","655","0","0"
"2017-09-05","0","0","640","640","0","0"
"2017-09-06","0","0","725","725","0","0"
"2017-09-07","0","0","671","671","0","0"
"2017-09-08","0","0","625","625","0","0"
"2017-09-09","0","1","389","389","0","0.002570694087403599"
"2017-09-10","0","0","445","445","0","0"
"2017-09-11","1","0","673","673","0.0014858841010401188","0"
"2017-09-12","1","1","772","772","0.0012953367875647669","0.0012953367875647669"
"2017-09-13","1","0","734","734","0.0013623978201634877","0"
"2017-09-14","0","0","677","677","0","0"
"2017-09-15","0","0","698","698","0","0"
"2017-09-16","0","0","404","404","0","0"
"2017-09-17","0","1","405","405","0","0.0024691358024691358"
"2017-09-18","0","0","647","647","0","0"
"2017-09-19","0","0","714","714","0","0"
"2017-09-20","0","2","702","702","0","0.002849002849002849"
"2017-09-21","1","1","674","674","0.001483679525222552","0.001483679525222552"
"2017-09-22","1","1","683","683","0.0014641288433382138","0.0014641288433382138"
"2017-09-23","0","1","432","432","0","0.0023148148148148147"
"2017-09-24","0","1","373","373","0","0.002680965147453083"
"2017-09-25","0","0","615","615","0","0"
"2017-09-26","0","0","773","773","0","0"
"2017-09-27","0","2","693","693","0","0.002886002886002886"
"2017-09-28","0","0","782","782","0","0"
"2017-09-29","0","0","647","647","0","0"
"2017-09-30","0","1","373","373","0","0.002680965147453083"
"2017-10-01","0","0","387","387","0","0"
"2017-10-02","0","0","619","619","0","0"
"2017-10-03","0","0","682","682","0","0"
"2017-10-04","0","0","625","625","0","0"
"2017-10-05","0","1","677","677","0","0.0014771048744460858"
"2017-10-06","0","1","712","712","0","0.0014044943820224719"
"2017-10-07","0","0","378","378","0","0"
"2017-10-08","1","1","384","384","0.0026041666666666665","0.0026041666666666665"
"2017-10-09","0","0","694","694","0","0"
"2017-10-10","0","0","747","747","0","0"
"2017-10-11","0","0","719","719","0","0"
"2017-10-12","0","0","698","698","0","0"
"2017-10-13","0","0","684","684","0","0"
"2017-10-14","0","0","400","400","0","0"
"2017-10-15","0","1","380","380","0","0.002631578947368421"
"2017-10-16","0","0","646","646","0","0"
"2017-10-17","0","1","729","729","0","0.0013717421124828531"
"2017-10-18","1","1","654","654","0.0015290519877675841","0.0015290519877675841"
"2017-10-19","0","1","721","721","0","0.0013869625520110957"
"2017-10-20","0","0","735","735","0","0"
"2017-10-21","0","0","382","382","0","0"
"2017-10-22","0","0","382","382","0","0"
"2017-10-23","0","0","625","625","0","0"
"2017-10-24","0","1","648","648","0","0.0015432098765432098"
"2017-10-25","1","0","736","736","0.001358695652173913","0"
"2017-10-26","0","1","698","698","0","0.0014326647564469914"
"2017-10-27","0","1","682","682","0","0.001466275659824047"
"2017-10-28","0","1","400","400","0","0.0025"
"2017-10-29","0","0","412","412","0","0"
"2017-10-30","0","0","625","625","0","0"
"2017-10-31","2","1","628","628","0.0031847133757961785","0.0015923566878980893"
"2017-11-01","0","2","508","508","0","0.003937007874015748"
"2017-11-02","0","1","680","680","0","0.0014705882352941176"
"2017-11-03","0","1","648","648","0","0.0015432098765432098"
"2017-11-04","0","1","463","463","0","0.0021598272138228943"
"2017-11-05","0","0","449","449","0","0"
"2017-11-06","0","0","639","639","0","0"
"2017-11-07","0","0","801","801","0","0"
"2017-11-08","0","0","796","796","0","0"
"2017-11-09","0","0","730","730","0","0"
"2017-11-10","0","0","645","645","0","0"
"2017-11-11","0","0","425","425","0","0"
"2017-11-12","0","0","438","438","0","0"
"2017-11-13","0","0","684","684","0","0"
"2017-11-14","0","0","827","827","0","0"
"2017-11-15","0","2","798","798","0","0.002506265664160401"
"2017-11-16","0","0","782","782","0","0"
"2017-11-17","0","0","760","760","0","0"
"2017-11-18","0","0","481","481","0","0"
"2017-11-19","0","2","484","484","0","0.004132231404958678"
"2017-11-20","0","1","733","733","0","0.001364256480218281"
"2017-11-21","0","1","812","812","0","0.0012315270935960591"
"2017-11-22","1","0","799","799","0.0012515644555694619","0"
"2017-11-23","1","0","757","757","0.001321003963011889","0"
"2017-11-24","0","2","681","681","0","0.002936857562408223"
"2017-11-25","1","0","469","469","0.0021321961620469083","0"
"2017-11-26","1","0","494","494","0.0020242914979757085","0"
"2017-11-27","1","0","730","730","0.0013698630136986301","0"
"2017-11-28","0","0","765","765","0","0"
"2017-11-29","0","1","772","772","0","0.0012953367875647669"
"2017-11-30","0","1","825","825","0","0.0012121212121212121"
"2017-12-01","0","1","752","752","0","0.0013297872340425532"
"2017-12-02","0","1","485","485","0","0.002061855670103093"
"2017-12-03","0","0","441","441","0","0"
"2017-12-04","0","0","730","730","0","0"
"2017-12-05","0","3","879","879","0","0.0034129692832764505"
"2017-12-06","0","0","888","888","0","0"
"2017-12-07","0","2","971","971","0","0.0020597322348094747"
"2017-12-08","0","3","656","656","0","0.004573170731707317"
"2017-12-09","0","0","626","626","0","0"
"2017-12-10","0","2","617","617","0","0.0032414910858995136"
"2017-12-11","0","0","961","961","0","0"
"2017-12-12","0","5","1033","1033","0","0.00484027105517909"
"2017-12-13","0","1","1024","1024","0","0.0009765625"
"2017-12-14","0","1","988","988","0","0.0010121457489878543"
"2017-12-15","0","0","890","890","0","0"
"2017-12-16","0","0","652","652","0","0"
"2017-12-17","0","1","596","596","0","0.0016778523489932886"
"2017-12-18","0","0","997","997","0","0"
"2017-12-19","0","0","964","964","0","0"
"2017-12-20","0","0","1090","1090","0","0"
"2017-12-21","0","0","955","955","0","0"
"2017-12-22","0","2","952","952","0","0.0021008403361344537"
"2017-12-23","0","0","597","597","0","0"
"2017-12-24","0","0","362","362","0","0"
"2017-12-25","0","0","246","246","0","0"
"2017-12-26","1","1","488","488","0.0020491803278688526","0.0020491803278688526"
"2017-12-27","0","0","840","840","0","0"
"2017-12-28","0","0","876","876","0","0"
"2017-12-29","0","0","870","870","0","0"
"2017-12-30","0","1","618","618","0","0.0016181229773462784"
"2017-12-31","0","0","356","356","0","0"
"2018-01-01","0","2","500","500","0","0.004"
"2018-01-02","0","1","780","780","0","0.001282051282051282"
"2018-01-03","1","2","866","866","0.0011547344110854503","0.0023094688221709007"
"2018-01-04","0","3","862","862","0","0.0034802784222737818"
"2018-01-05","0","1","910","910","0","0.001098901098901099"
"2018-01-06","0","0","594","594","0","0"
"2018-01-07","1","0","638","638","0.001567398119122257","0"
"2018-01-08","0","0","957","957","0","0"
"2018-01-09","0","0","1069","1069","0","0"
"2018-01-10","0","2","1088","1088","0","0.001838235294117647"
"2018-01-11","0","0","1064","1064","0","0"
"2018-01-12","0","0","1031","1031","0","0"
"2018-01-13","0","0","586","586","0","0"
"2018-01-14","0","0","621","621","0","0"
"2018-01-15","0","1","1011","1011","0","0.0009891196834817012"
"2018-01-16","1","4","1086","1086","0.0009208103130755065","0.003683241252302026"
"2018-01-17","1","1","1128","1128","0.0008865248226950354","0.0008865248226950354"
"2018-01-18","0","0","1170","1170","0","0"
"2018-01-19","0","0","919","919","0","0"
"2018-01-20","0","0","663","663","0","0"
"2018-01-21","0","0","677","677","0","0"
"2018-01-22","1","3","1053","1053","0.000949667616334283","0.002849002849002849"
"2018-01-23","0","1","1120","1120","0","0.0008928571428571428"
"2018-01-24","0","0","1016","1016","0","0"
"2018-01-25","0","0","1105","1105","0","0"
"2018-01-26","0","0","1041","1041","0","0"
"2018-01-27","0","1","712","712","0","0.0014044943820224719"
"2018-01-28","0","0","670","670","0","0"
"2018-01-29","0","0","1110","1110","0","0"
"2018-01-30","0","0","1109","1109","0","0"
"2018-01-31","0","1","1077","1077","0","0.0009285051067780873"
"2018-02-01","0","1","1054","1054","0","0.0009487666034155598"
"2018-02-02","0","0","975","975","0","0"
"2018-02-03","0","1","725","725","0","0.001379310344827586"
"2018-02-04","1","0","668","668","0.0014970059880239522","0"
"2018-02-05","0","2","1084","1084","0","0.0018450184501845018"
"2018-02-06","0","0","1084","1084","0","0"
"2018-02-07","0","1","1065","1065","0","0.0009389671361502347"
"2018-02-08","0","0","1069","1069","0","0"
"2018-02-09","0","1","1042","1042","0","0.0009596928982725527"
"2018-02-10","0","1","693","693","0","0.001443001443001443"
"2018-02-11","0","1","676","676","0","0.0014792899408284023"
"2018-02-12","0","1","1067","1067","0","0.0009372071227741331"
"2018-02-13","0","0","1073","1073","0","0"
"2018-02-14","0","0","1030","1030","0","0"
"2018-02-15","0","0","738","738","0","0"
"2018-02-16","0","2","967","967","0","0.002068252326783868"
"2018-02-17","0","1","623","623","0","0.0016051364365971107"
"2018-02-18","0","0","676","676","0","0"
"2018-02-19","0","0","987","987","0","0"
"2018-02-20","1","1","1093","1093","0.0009149130832570906","0.0009149130832570906"
"2018-02-21","1","0","1068","1068","0.0009363295880149813","0"
"2018-02-22","1","0","1155","1155","0.0008658008658008658","0"
"2018-02-23","2","1","1011","1011","0.0019782393669634025","0.0009891196834817012"
"2018-02-24","0","0","679","679","0","0"
"2018-02-25","0","0","619","619","0","0"
"2018-02-26","0","0","989","989","0","0"
"2018-02-27","0","1","1106","1106","0","0.0009041591320072332"
"2018-02-28","0","1","926","926","0","0.0010799136069114472"
"2018-03-01","0","1","996","996","0","0.001004016064257028"
"2018-03-02","0","0","949","949","0","0"
"2018-03-03","0","0","622","622","0","0"
"2018-03-04","0","0","764","764","0","0"
"2018-03-05","0","0","1091","1091","0","0"
"2018-03-06","0","0","1089","1089","0","0"
"2018-03-07","0","1","1067","1067","0","0.0009372071227741331"
"2018-03-08","0","0","1114","1114","0","0"
"2018-03-09","0","1","1002","1002","0","0.000998003992015968"
"2018-03-10","0","0","636","636","0","0"
"2018-03-11","0","0","642","642","0","0"
"2018-03-12","0","3","1053","1053","0","0.002849002849002849"
"2018-03-13","0","0","1053","1053","0","0"
"2018-03-14","0","3","1043","1043","0","0.0028763183125599234"
"2018-03-15","0","1","1028","1028","0","0.0009727626459143969"
"2018-03-16","0","1","1059","1059","0","0.0009442870632672333"
"2018-03-17","0","0","720","720","0","0"
"2018-03-18","0","3","640","640","0","0.0046875"
"2018-03-19","1","1","961","961","0.001040582726326743","0.001040582726326743"
"2018-03-20","0","0","1010","1010","0","0"
"2018-03-21","1","2","1014","1014","0.0009861932938856016","0.0019723865877712033"
"2018-03-22","0","0","945","945","0","0"
"2018-03-23","0","1","956","956","0","0.0010460251046025104"
"2018-03-24","0","0","640","640","0","0"
"2018-03-25","0","0","492","492","0","0"
"2018-03-26","0","0","936","936","0","0"
"2018-03-27","1","1","954","954","0.0010482180293501049","0.0010482180293501049"
"2018-03-28","0","0","924","924","0","0"
"2018-03-29","0","0","883","883","0","0"
"2018-03-30","0","1","925","925","0","0.001081081081081081"
"2018-03-31","0","0","652","652","0","0"
"2018-04-01","0","0","390","390","0","0"
"2018-04-02","0","0","522","522","0","0"
"2018-04-03","0","0","996","996","0","0"
"2018-04-04","0","0","1050","1050","0","0"
"2018-04-05","0","1","1074","1074","0","0.000931098696461825"
"2018-04-06","0","0","953","953","0","0"
"2018-04-07","0","1","647","647","0","0.0015455950540958269"
"2018-04-08","0","2","676","676","0","0.0029585798816568047"
"2018-04-09","1","1","944","944","0.001059322033898305","0.001059322033898305"
"2018-04-10","0","0","982","982","0","0"
"2018-04-11","0","1","962","962","0","0.0010395010395010396"
"2018-04-12","0","0","969","969","0","0"
"2018-04-13","0","2","975","975","0","0.0020512820512820513"
"2018-04-14","0","1","658","658","0","0.001519756838905775"
"2018-04-15","0","0","603","603","0","0"
"2018-04-16","0","0","983","983","0","0"
"2018-04-17","0","1","1000","1000","0","0.001"
"2018-04-18","0","0","955","955","0","0"
"2018-04-19","0","1","1010","1010","0","0.0009900990099009901"
"2018-04-20","0","0","892","892","0","0"
"2018-04-21","0","1","593","593","0","0.0016863406408094434"
"2018-04-22","0","0","606","606","0","0"
"2018-04-23","0","0","933","933","0","0"
"2018-04-24","0","2","926","926","0","0.0021598272138228943"
"2018-04-25","0","0","677","677","0","0"
"2018-04-26","0","0","974","974","0","0"
"2018-04-27","0","1","929","929","0","0.001076426264800861"
"2018-04-28","0","0","637","637","0","0"
"2018-04-29","0","1","560","560","0","0.0017857142857142857"
"2018-04-30","0","1","835","835","0","0.0011976047904191617"
"2018-05-01","0","2","439","439","0","0.004555808656036446"
"2018-05-02","0","0","924","924","0","0"
"2018-05-03","0","0","1014","1014","0","0"
"2018-05-04","0","2","893","893","0","0.0022396416573348264"
"2018-05-05","0","0","695","695","0","0"
"2018-05-06","0","0","595","595","0","0"
"2018-05-07","0","2","963","963","0","0.0020768431983385254"
"2018-05-08","0","1","1010","1010","0","0.0009900990099009901"
"2018-05-09","0","0","1008","1008","0","0"
"2018-05-10","0","0","890","890","0","0"
"2018-05-11","0","0","929","929","0","0"
"2018-05-12","1","0","705","705","0.0014184397163120568","0"
"2018-05-13","0","1","617","617","0","0.0016207455429497568"
"2018-05-14","0","1","869","869","0","0.0011507479861910242"
"2018-05-15","0","0","1020","1020","0","0"
"2018-05-16","0","1","1011","1011","0","0.0009891196834817012"
"2018-05-17","0","2","1040","1040","0","0.0019230769230769232"
"2018-05-18","0","0","945","945","0","0"
"2018-05-19","0","0","647","647","0","0"
"2018-05-20","0","1","554","554","0","0.0018050541516245488"
"2018-05-21","0","3","937","937","0","0.0032017075773745998"
"2018-05-22","0","0","1044","1044","0","0"
"2018-05-23","0","2","981","981","0","0.0020387359836901123"
"2018-05-24","0","0","1025","1025","0","0"
"2018-05-25","0","0","906","906","0","0"
"2018-05-26","0","1","678","678","0","0.0014749262536873156"
"2018-05-27","0","0","596","596","0","0"
"2018-05-28","0","1","912","912","0","0.0010964912280701754"
"2018-05-29","0","1","924","924","0","0.0010822510822510823"
"2018-05-30","0","1","966","966","0","0.0010351966873706005"
"2018-05-31","0","1","969","969","0","0.0010319917440660474"
"2018-06-01","0","0","912","912","0","0"
"2018-06-02","0","1","563","563","0","0.0017761989342806395"
"2018-06-03","0","0","557","557","0","0"
"2018-06-04","0","3","979","979","0","0.0030643513789581204"
"2018-06-05","0","0","1000","1000","0","0"
"2018-06-06","0","0","999","999","0","0"
"2018-06-07","1","1","889","889","0.0011248593925759281","0.0011248593925759281"
"2018-06-08","0","0","936","936","0","0"
"2018-06-09","0","2","642","642","0","0.003115264797507788"
"2018-06-10","0","0","613","613","0","0"
"2018-06-11","0","0","1010","1010","0","0"
"2018-06-12","0","1","1125","1125","0","0.0008888888888888889"
"2018-06-13","1","1","1013","1013","0.0009871668311944718","0.0009871668311944718"
"2018-06-14","0","0","1008","1008","0","0"
"2018-06-15","0","1","1009","1009","0","0.0009910802775024777"
"2018-06-16","1","1","647","647","0.0015455950540958269","0.0015455950540958269"
"2018-06-17","0","1","589","589","0","0.001697792869269949"
"2018-06-18","0","0","953","953","0","0"
"2018-06-19","0","1","1002","1002","0","0.000998003992015968"
"2018-06-20","0","0","1024","1024","0","0"
"2018-06-21","0","0","1084","1084","0","0"
"2018-06-22","0","1","917","917","0","0.0010905125408942203"
"2018-06-23","0","0","628","628","0","0"
"2018-06-24","0","1","539","539","0","0.0018552875695732839"
"2018-06-25","0","2","930","930","0","0.002150537634408602"
"2018-06-26","0","0","1008","1008","0","0"
"2018-06-27","0","0","1042","1042","0","0"
"2018-06-28","0","2","1031","1031","0","0.0019398642095053346"
"2018-06-29","0","0","862","862","0","0"
"2018-06-30","0","0","644","644","0","0"
"2018-07-01","0","0","619","619","0","0"
"2018-07-02","0","0","1065","1065","0","0"
"2018-07-03","0","1","1062","1062","0","0.0009416195856873823"
"2018-07-04","0","1","1068","1068","0","0.0009363295880149813"
"2018-07-05","0","2","1050","1050","0","0.0019047619047619048"
"2018-07-06","1","0","1050","1050","0.0009523809523809524","0"
"2018-07-07","0","0","577","577","0","0"
"2018-07-08","0","0","571","571","0","0"
"2018-07-09","0","1","891","891","0","0.001122334455667789"
"2018-07-10","0","1","971","971","0","0.0010298661174047373"
"2018-07-11","0","0","960","960","0","0"
"2018-07-12","0","0","945","945","0","0"
"2018-07-13","0","2","882","882","0","0.0022675736961451248"
"2018-07-14","2","2","601","601","0.0033277870216306157","0.0033277870216306157"
"2018-07-15","0","2","590","590","0","0.003389830508474576"
"2018-07-16","0","4","906","906","0","0.004415011037527594"
"2018-07-17","0","6","942","942","0","0.006369426751592357"
"2018-07-18","0","0","974","974","0","0"
"2018-07-19","1","1","980","980","0.0010204081632653062","0.0010204081632653062"
"2018-07-20","0","0","985","985","0","0"
"2018-07-21","0","0","650","650","0","0"
"2018-07-22","0","0","577","577","0","0"
"2018-07-23","2","4","902","902","0.0022172949002217295","0.004434589800443459"
"2018-07-24","0","3","979","979","0","0.0030643513789581204"
"2018-07-25","0","0","1040","1040","0","0"
"2018-07-26","0","0","996","996","0","0"
"2018-07-27","0","3","886","886","0","0.003386004514672686"
"2018-07-28","0","0","564","564","0","0"
"2018-07-29","2","3","593","593","0.003372681281618887","0.00505902192242833"
"2018-07-30","0","1","877","877","0","0.0011402508551881414"
"2018-07-31","0","3","891","891","0","0.003367003367003367"
"2018-08-01","0","1","955","955","0","0.0010471204188481676"
"2018-08-02","0","0","856","856","0","0"
"2018-08-03","0","3","847","847","0","0.0035419126328217238"
"2018-08-04","0","1","513","513","0","0.001949317738791423"
"2018-08-05","0","0","559","559","0","0"
"2018-08-06","0","2","807","807","0","0.0024783147459727386"
"2018-08-07","1","3","841","841","0.0011890606420927466","0.0035671819262782403"
"2018-08-08","0","2","836","836","0","0.0023923444976076554"
"2018-08-09","0","2","804","804","0","0.0024875621890547263"
"2018-08-10","1","2","806","806","0.0012406947890818859","0.0024813895781637717"
"2018-08-11","0","0","631","631","0","0"
"2018-08-12","0","2","547","547","0","0.003656307129798903"
"2018-08-13","0","0","721","721","0","0"
"2018-08-14","0","0","711","711","0","0"
"2018-08-15","0","0","493","493","0","0"
"2018-08-16","0","0","662","662","0","0"
"2018-08-17","0","0","680","680","0","0"
"2018-08-18","0","0","566","566","0","0"
"2018-08-19","0","0","526","526","0","0"
"2018-08-20","0","0","780","780","0","0"
"2018-08-21","0","0","776","776","0","0"
"2018-08-22","0","1","720","720","0","0.001388888888888889"
"2018-08-23","0","1","786","786","0","0.001272264631043257"
"2018-08-24","0","0","757","757","0","0"
"2018-08-25","0","2","716","716","0","0.002793296089385475"
"2018-08-26","0","0","596","596","0","0"
"2018-08-27","0","1","828","828","0","0.0012077294685990338"
"2018-08-28","0","0","816","816","0","0"
"2018-08-29","0","1","845","845","0","0.001183431952662722"
"2018-08-30","0","2","873","873","0","0.002290950744558992"
"2018-08-31","0","0","766","766","0","0"
"2018-09-01","0","1","570","570","0","0.0017543859649122807"
"2018-09-02","0","0","499","499","0","0"
"2018-09-03","1","1","827","827","0.0012091898428053204","0.0012091898428053204"
"2018-09-04","0","0","890","890","0","0"
"2018-09-05","0","0","794","794","0","0"
"2018-09-06","3","0","791","791","0.0037926675094816687","0"
"2018-09-07","1","0","883","883","0.0011325028312570782","0"
"2018-09-08","0","0","699","699","0","0"
"2018-09-09","0","1","550","550","0","0.0018181818181818182"
"2018-09-10","0","1","937","937","0","0.0010672358591248667"
"2018-09-11","0","0","1052","1052","0","0"
"2018-09-12","0","0","976","976","0","0"
"2018-09-13","0","0","954","954","0","0"
"2018-09-14","0","2","903","903","0","0.0022148394241417496"
"2018-09-15","0","0","702","702","0","0"
"2018-09-16","1","0","628","628","0.0015923566878980893","0"
"2018-09-17","0","1","1014","1014","0","0.0009861932938856016"
"2018-09-18","0","0","1056","1056","0","0"
"2018-09-19","0","0","1041","1041","0","0"
"2018-09-20","0","1","1008","1008","0","0.000992063492063492"
"2018-09-21","0","1","948","948","0","0.0010548523206751054"
"2018-09-22","0","0","662","662","0","0"
"2018-09-23","0","0","650","650","0","0"
"2018-09-24","0","2","980","980","0","0.0020408163265306124"
"2018-09-25","0","0","1073","1073","0","0"
"2018-09-26","0","0","1011","1011","0","0"
"2018-09-27","0","2","1058","1058","0","0.001890359168241966"
"2018-09-28","0","2","890","890","0","0.0022471910112359553"
"2018-09-29","1","4","683","683","0.0014641288433382138","0.005856515373352855"
"2018-09-30","0","0","558","558","0","0"
"2018-10-01","0","1","946","946","0","0.0010570824524312897"
"2018-10-02","0","0","1002","1002","0","0"
"2018-10-03","0","0","1092","1092","0","0"
"2018-10-04","0","0","921","921","0","0"
"2018-10-05","0","1","1008","1008","0","0.000992063492063492"
"2018-10-06","0","0","709","709","0","0"
"2018-10-07","0","2","644","644","0","0.003105590062111801"
"2018-10-08","0","1","862","862","0","0.001160092807424594"
"2018-10-09","0","0","933","933","0","0"
"2018-10-10","0","0","1060","1060","0","0"
"2018-10-11","0","0","942","942","0","0"
"2018-10-12","0","1","876","876","0","0.001141552511415525"
"2018-10-13","0","0","626","626","0","0"
"2018-10-14","1","0","556","556","0.0017985611510791368","0"
"2018-10-15","0","0","973","973","0","0"
"2018-10-16","0","1","1040","1040","0","0.0009615384615384616"
"2018-10-17","0","1","976","976","0","0.0010245901639344263"
"2018-10-18","0","2","993","993","0","0.002014098690835851"
"2018-10-19","0","3","1003","1003","0","0.0029910269192422734"
"2018-10-20","0","0","719","719","0","0"
"2018-10-21","0","0","665","665","0","0"
"2018-10-22","0","1","939","939","0","0.0010649627263045794"
"2018-10-23","0","1","980","980","0","0.0010204081632653062"
"2018-10-24","0","1","1155","1155","0","0.0008658008658008658"
"2018-10-25","0","0","925","925","0","0"
"2018-10-26","1","0","970","970","0.0010309278350515464","0"
"2018-10-27","0","0","643","643","0","0"
"2018-10-28","0","0","605","605","0","0"
"2018-10-29","0","2","985","985","0","0.0020304568527918783"
"2018-10-30","1","1","1037","1037","0.0009643201542912247","0.0009643201542912247"
"2018-10-31","0","1","980","980","0","0.0010204081632653062"
"2018-11-01","0","0","631","631","0","0"
"2018-11-02","0","1","960","960","0","0.0010416666666666667"
"2018-11-03","0","1","665","665","0","0.0015037593984962407"
"2018-11-04","0","0","585","585","0","0"
"2018-11-05","0","2","964","964","0","0.002074688796680498"
"2018-11-06","1","2","1118","1118","0.0008944543828264759","0.0017889087656529517"
"2018-11-07","0","2","1050","1050","0","0.0019047619047619048"
"2018-11-08","0","1","964","964","0","0.001037344398340249"
"2018-11-09","0","0","909","909","0","0"
"2018-11-10","1","0","682","682","0.001466275659824047","0"
"2018-11-11","0","0","593","593","0","0"
"2018-11-12","0","2","974","974","0","0.002053388090349076"
"2018-11-13","0","1","1027","1027","0","0.0009737098344693282"
"2018-11-14","0","0","969","969","0","0"
"2018-11-15","0","5","974","974","0","0.00513347022587269"
"2018-11-16","0","3","881","881","0","0.00340522133938706"
"2018-11-17","0","0","650","650","0","0"
"2018-11-18","0","0","598","598","0","0"
"2018-11-19","0","0","990","990","0","0"
"2018-11-20","0","0","999","999","0","0"
"2018-11-21","0","3","936","936","0","0.003205128205128205"
"2018-11-22","2","2","1051","1051","0.0019029495718363464","0.0019029495718363464"
"2018-11-23","0","1","700","700","0","0.0014285714285714286"
"2018-11-24","1","1","673","673","0.0014858841010401188","0.0014858841010401188"
"2018-11-25","0","0","557","557","0","0"
"2018-11-26","0","1","938","938","0","0.0010660980810234541"
"2018-11-27","0","0","967","967","0","0"
"2018-11-28","0","1","1015","1015","0","0.0009852216748768472"
"2018-11-29","3","1","943","943","0.003181336161187699","0.0010604453870625664"
"2018-11-30","0","2","895","895","0","0.0022346368715083797"
"2018-12-01","0","1","666","666","0","0.0015015015015015015"
"2018-12-02","0","1","632","632","0","0.0015822784810126582"
"2018-12-03","0","1","912","912","0","0.0010964912280701754"
"2018-12-04","0","1","939","939","0","0.0010649627263045794"
"2018-12-05","0","1","914","914","0","0.0010940919037199124"
"2018-12-06","1","1","972","972","0.00102880658436214","0.00102880658436214"
"2018-12-07","1","2","921","921","0.0010857763300760044","0.002171552660152009"
"2018-12-08","0","0","588","588","0","0"
"2018-12-09","0","1","630","630","0","0.0015873015873015873"
"2018-12-10","0","3","983","983","0","0.003051881993896236"
"2018-12-11","0","1","1070","1070","0","0.0009345794392523365"
"2018-12-12","0","4","1048","1048","0","0.003816793893129771"
"2018-12-13","0","1","1064","1064","0","0.0009398496240601503"
"2018-12-14","0","1","878","878","0","0.0011389521640091116"
"2018-12-15","0","1","730","730","0","0.0013698630136986301"
"2018-12-16","0","0","572","572","0","0"
"2018-12-17","2","2","919","919","0.002176278563656148","0.002176278563656148"
"2018-12-18","0","0","963","963","0","0"
"2018-12-19","0","3","1009","1009","0","0.002973240832507433"
"2018-12-20","0","0","921","921","0","0"
"2018-12-21","0","0","525","525","0","0"
"2018-12-22","0","2","613","613","0","0.0032626427406199023"
"2018-12-23","0","0","499","499","0","0"
"2018-12-24","0","0","483","483","0","0"
"2018-12-25","1","2","215","215","0.004651162790697674","0.009302325581395349"
"2018-12-26","0","0","405","405","0","0"
"2018-12-27","2","0","714","714","0.0028011204481792717","0"
"2018-12-28","0","1","762","762","0","0.0013123359580052493"
"2018-12-29","1","2","620","620","0.0016129032258064516","0.0032258064516129032"
"2018-12-30","0","1","491","491","0","0.002036659877800407"
"2018-12-31","0","1","525","525","0","0.0019047619047619048"
"2019-01-01","0","0","466","466","0","0"
"2019-01-02","0","0","703","703","0","0"
"2019-01-03","0","0","801","801","0","0"
"2019-01-04","0","1","764","764","0","0.0013089005235602095"
"2019-01-05","0","0","597","597","0","0"
"2019-01-06","0","1","543","543","0","0.001841620626151013"
"2019-01-07","0","0","972","972","0","0"
"2019-01-08","0","0","1030","1030","0","0"
"2019-01-09","0","1","1047","1047","0","0.0009551098376313276"
"2019-01-10","1","1","1049","1049","0.0009532888465204957","0.0009532888465204957"
"2019-01-11","1","2","996","996","0.001004016064257028","0.002008032128514056"
"2019-01-12","0","0","664","664","0","0"
"2019-01-13","0","0","608","608","0","0"
"2019-01-14","0","2","1013","1013","0","0.0019743336623889436"
"2019-01-15","0","1","1064","1064","0","0.0009398496240601503"
"2019-01-16","0","1","1018","1018","0","0.0009823182711198428"
"2019-01-17","0","0","949","949","0","0"
"2019-01-18","0","3","1045","1045","0","0.0028708133971291866"
"2019-01-19","0","0","713","713","0","0"
"2019-01-20","0","0","629","629","0","0"
"2019-01-21","0","5","978","978","0","0.005112474437627812"
"2019-01-22","0","3","1048","1048","0","0.0028625954198473282"
"2019-01-23","2","2","989","989","0.0020222446916076846","0.0020222446916076846"
"2019-01-24","3","1","905","905","0.0033149171270718232","0.0011049723756906078"
"2019-01-25","2","2","957","957","0.0020898641588296763","0.0020898641588296763"
"2019-01-26","0","2","732","732","0","0.00273224043715847"
"2019-01-27","0","1","667","667","0","0.0014992503748125937"
"2019-01-28","0","1","1030","1030","0","0.000970873786407767"
"2019-01-29","1","1","1098","1098","0.0009107468123861566","0.0009107468123861566"
"2019-01-30","0","0","1078","1078","0","0"
"2019-01-31","0","1","1077","1077","0","0.0009285051067780873"
"2019-02-01","0","2","985","985","0","0.0020304568527918783"
"2019-02-02","0","0","726","726","0","0"
"2019-02-03","1","1","611","611","0.0016366612111292963","0.0016366612111292963"
"2019-02-04","0","0","861","861","0","0"
"2019-02-05","0","1","1066","1066","0","0.0009380863039399625"
"2019-02-06","0","0","1086","1086","0","0"
"2019-02-07","0","1","1132","1132","0","0.0008833922261484099"
"2019-02-08","0","2","1050","1050","0","0.0019047619047619048"
"2019-02-09","0","1","754","754","0","0.001326259946949602"
"2019-02-10","0","2","639","639","0","0.003129890453834116"
"2019-02-11","0","2","993","993","0","0.002014098690835851"
"2019-02-12","0","0","1073","1073","0","0"
"2019-02-13","0","1","1075","1075","0","0.0009302325581395349"
"2019-02-14","0","2","1068","1068","0","0.0018726591760299626"
"2019-02-15","1","1","935","935","0.0010695187165775401","0.0010695187165775401"
"2019-02-16","0","1","713","713","0","0.001402524544179523"
"2019-02-17","0","0","649","649","0","0"
"2019-02-18","0","1","1028","1028","0","0.0009727626459143969"
"2019-02-19","0","3","927","927","0","0.003236245954692557"
"2019-02-20","0","2","943","943","0","0.0021208907741251328"
"2019-02-21","0","1","965","965","0","0.0010362694300518134"
"2019-02-22","1","1","916","916","0.001091703056768559","0.001091703056768559"
"2019-02-23","1","1","668","668","0.0014970059880239522","0.0014970059880239522"
"2019-02-24","0","0","694","694","0","0"
"2019-02-25","0","0","1036","1036","0","0"
"2019-02-26","0","0","1164","1164","0","0"
"2019-02-27","0","0","1249","1249","0","0"
"2019-02-28","1","2","1082","1082","0.0009242144177449168","0.0018484288354898336"
"2019-03-01","0","0","1067","1067","0","0"
"2019-03-02","0","1","746","746","0","0.0013404825737265416"
"2019-03-03","0","3","686","686","0","0.004373177842565598"
"2019-03-04","0","0","1006","1006","0","0"
"2019-03-05","0","0","1187","1187","0","0"
"2019-03-06","0","2","1326","1326","0","0.0015082956259426848"
"2019-03-07","0","1","1124","1124","0","0.0008896797153024911"
"2019-03-08","0","0","1069","1069","0","0"
"2019-03-09","0","0","837","837","0","0"
"2019-03-10","0","0","732","732","0","0"
"2019-03-11","0","3","1039","1039","0","0.0028873917228103944"
"2019-03-12","1","3","1133","1133","0.00088261253309797","0.00264783759929391"
"2019-03-13","0","0","1085","1085","0","0"
"2019-03-14","0","1","1081","1081","0","0.0009250693802035153"
"2019-03-15","0","1","1129","1129","0","0.0008857395925597874"
"2019-03-16","4","1","895","895","0.004469273743016759","0.0011173184357541898"
"2019-03-17","0","0","816","816","0","0"
"2019-03-18","0","0","905","905","0","0"
"2019-03-19","0","0","1082","1082","0","0"
"2019-03-20","1","2","1037","1037","0.0009643201542912247","0.0019286403085824494"
"2019-03-21","0","1","1089","1089","0","0.0009182736455463728"
"2019-03-22","0","0","1015","1015","0","0"
"2019-03-23","0","0","738","738","0","0"
"2019-03-24","0","3","707","707","0","0.004243281471004243"
"2019-03-25","0","0","1081","1081","0","0"
"2019-03-26","0","1","1068","1068","0","0.0009363295880149813"
"2019-03-27","0","1","1133","1133","0","0.00088261253309797"
"2019-03-28","0","3","994","994","0","0.0030181086519114686"
"2019-03-29","0","0","1062","1062","0","0"
"2019-03-30","0","0","836","836","0","0"
"2019-03-31","0","0","735","735","0","0"
"2019-04-01","0","1","826","826","0","0.0012106537530266344"
"2019-04-02","1","0","853","853","0.0011723329425556857","0"
"2019-04-03","0","1","1090","1090","0","0.0009174311926605505"
"2019-04-04","0","1","1052","1052","0","0.0009505703422053232"
"2019-04-05","0","2","1044","1044","0","0.0019157088122605363"
"2019-04-06","0","1","787","787","0","0.0012706480304955528"
"2019-04-07","0","2","661","661","0","0.0030257186081694403"
"2019-04-08","0","0","1010","1010","0","0"
"2019-04-09","0","3","1164","1164","0","0.002577319587628866"
"2019-04-10","0","1","1155","1155","0","0.0008658008658008658"
"2019-04-11","0","3","1189","1189","0","0.002523128679562658"
"2019-04-12","0","0","1089","1089","0","0"
"2019-04-13","0","1","827","827","0","0.0012091898428053204"
"2019-04-14","0","1","766","766","0","0.0013054830287206266"
"2019-04-15","1","0","1151","1151","0.0008688097306689834","0"
"2019-04-16","0","4","1163","1163","0","0.0034393809114359416"
"2019-04-17","0","1","1226","1226","0","0.0008156606851549756"
"2019-04-18","0","3","1077","1077","0","0.002785515320334262"
"2019-04-19","0","0","976","976","0","0"
"2019-04-20","0","0","716","716","0","0"
"2019-04-21","0","0","459","459","0","0"
"2019-04-22","0","1","625","625","0","0.0016"
"2019-04-23","0","3","1044","1044","0","0.0028735632183908046"
"2019-04-24","1","1","1125","1125","0.0008888888888888889","0.0008888888888888889"
"2019-04-25","0","0","737","737","0","0"
"2019-04-26","1","0","1010","1010","0.0009900990099009901","0"
"2019-04-27","0","0","745","745","0","0"
"2019-04-28","0","3","753","753","0","0.00398406374501992"
"2019-04-29","0","2","1053","1053","0","0.001899335232668566"
"2019-04-30","1","0","1044","1044","0.0009578544061302681","0"
"2019-05-01","0","0","578","578","0","0"
"2019-05-02","1","1","979","979","0.0010214504596527069","0.0010214504596527069"
"2019-05-03","2","1","1118","1118","0.0017889087656529517","0.0008944543828264759"
"2019-05-04","0","2","728","728","0","0.0027472527472527475"
"2019-05-05","0","2","677","677","0","0.0029542097488921715"
"2019-05-06","0","0","1121","1121","0","0"
"2019-05-07","0","1","1124","1124","0","0.0008896797153024911"
"2019-05-08","0","0","1138","1138","0","0"
"2019-05-09","0","0","1191","1191","0","0"
"2019-05-10","1","0","1077","1077","0.0009285051067780873","0"
"2019-05-11","0","0","689","689","0","0"
"2019-05-12","0","1","744","744","0","0.0013440860215053765"
"2019-05-13","0","1","1093","1093","0","0.0009149130832570906"
"2019-05-14","0","4","1108","1108","0","0.0036101083032490976"
"2019-05-15","0","1","1379","1379","0","0.0007251631617113851"
"2019-05-16","0","1","1458","1458","0","0.0006858710562414266"
"2019-05-17","0","2","1336","1336","0","0.0014970059880239522"
"2019-05-18","0","0","994","994","0","0"
"2019-05-19","0","1","917","917","0","0.0010905125408942203"
"2019-05-20","0","1","1446","1446","0","0.0006915629322268327"
"2019-05-21","0","1","1414","1414","0","0.0007072135785007072"
"2019-05-22","0","2","1479","1479","0","0.001352265043948614"
"2019-05-23","0","1","1469","1469","0","0.0006807351940095302"
"2019-05-24","0","0","1429","1429","0","0"
"2019-05-25","0","0","1028","1028","0","0"
"2019-05-26","0","0","1197","1197","0","0"
"2019-05-27","0","0","1491","1491","0","0"
"2019-05-28","0","3","1454","1454","0","0.0020632737276478678"
"2019-05-29","0","1","1484","1484","0","0.0006738544474393531"
"2019-05-30","0","0","1501","1501","0","0"
"2019-05-31","0","0","1453","1453","0","0"
"2019-06-01","0","1","949","949","0","0.001053740779768177"
"2019-06-02","0","1","757","757","0","0.001321003963011889"
"2019-06-03","0","0","1386","1386","0","0"
"2019-06-04","1","1","1380","1380","0.0007246376811594203","0.0007246376811594203"
"2019-06-05","1","2","1465","1465","0.0006825938566552901","0.0013651877133105802"
"2019-06-06","0","0","1414","1414","0","0"
"2019-06-07","0","1","1414","1414","0","0.0007072135785007072"
"2019-06-08","0","2","892","892","0","0.002242152466367713"
"2019-06-09","0","0","810","810","0","0"
"2019-06-10","0","1","1363","1363","0","0.0007336757153338225"
"2019-06-11","0","2","1470","1470","0","0.0013605442176870747"
"2019-06-12","0","6","1459","1459","0","0.00411240575736806"
"2019-06-13","0","0","1343","1343","0","0"
"2019-06-14","0","0","1336","1336","0","0"
"2019-06-15","0","0","832","832","0","0"
"2019-06-16","0","0","852","852","0","0"
"2019-06-17","1","0","1414","1414","0.0007072135785007072","0"
"2019-06-18","0","1","1365","1365","0","0.0007326007326007326"
"2019-06-19","1","1","1544","1544","0.0006476683937823834","0.0006476683937823834"
"2019-06-20","0","2","1356","1356","0","0.0014749262536873156"
"2019-06-21","0","1","1270","1270","0","0.0007874015748031496"
"2019-06-22","0","0","880","880","0","0"
"2019-06-23","0","0","810","810","0","0"
"2019-06-24","1","1","1285","1285","0.0007782101167315176","0.0007782101167315176"
"2019-06-25","0","1","1330","1330","0","0.0007518796992481203"
"2019-06-26","0","0","1325","1325","0","0"
"2019-06-27","0","0","1375","1375","0","0"
"2019-06-28","0","0","1293","1293","0","0"
"2019-06-29","1","1","911","911","0.0010976948408342481","0.0010976948408342481"
"2019-06-30","0","0","832","832","0","0"
"2019-07-01","0","1","1339","1339","0","0.0007468259895444362"
"2019-07-02","1","3","1433","1433","0.0006978367062107466","0.00209351011863224"
"2019-07-03","0","2","1379","1379","0","0.0014503263234227702"
"2019-07-04","0","1","1314","1314","0","0.00076103500761035"
"2019-07-05","0","1","1201","1201","0","0.0008326394671107411"
"2019-07-06","0","0","869","869","0","0"
"2019-07-07","0","0","696","696","0","0"
"2019-07-08","0","3","1250","1250","0","0.0024"
"2019-07-09","0","1","1269","1269","0","0.0007880220646178094"
"2019-07-10","0","2","1412","1412","0","0.00141643059490085"
"2019-07-11","0","2","1358","1358","0","0.0014727540500736377"
"2019-07-12","0","3","1259","1259","0","0.0023828435266084196"
"2019-07-13","0","0","859","859","0","0"
"2019-07-14","0","1","803","803","0","0.0012453300124533001"
"2019-07-15","0","2","1262","1262","0","0.001584786053882726"
"2019-07-16","0","0","1351","1351","0","0"
"2019-07-17","0","2","1356","1356","0","0.0014749262536873156"
"2019-07-18","0","2","1292","1292","0","0.0015479876160990713"
"2019-07-19","0","9","1205","1205","0","0.007468879668049793"
"2019-07-20","0","6","846","846","0","0.0070921985815602835"
"2019-07-21","0","4","751","751","0","0.005326231691078562"
"2019-07-22","0","9","1270","1270","0","0.007086614173228346"
"2019-07-23","0","5","1353","1353","0","0.003695491500369549"
"2019-07-24","0","0","1323","1323","0","0"
"2019-07-25","0","0","1345","1345","0","0"
"2019-07-26","0","0","1182","1182","0","0"
"2019-07-27","0","1","838","838","0","0.0011933174224343676"
"2019-07-28","0","0","778","778","0","0"
"2019-07-29","0","1","1254","1254","0","0.0007974481658692185"
"2019-07-30","0","0","1298","1298","0","0"
"2019-07-31","0","1","1254","1254","0","0.0007974481658692185"
"2019-08-01","1","1","1239","1239","0.0008071025020177562","0.0008071025020177562"
"2019-08-02","0","0","1143","1143","0","0"
"2019-08-03","0","0","817","817","0","0"
"2019-08-04","0","1","741","741","0","0.001349527665317139"
"2019-08-05","1","2","1011","1011","0.0009891196834817012","0.0019782393669634025"
"2019-08-06","1","2","1152","1152","0.0008680555555555555","0.001736111111111111"
"2019-08-07","0","2","1193","1193","0","0.0016764459346186086"
"2019-08-08","0","4","1137","1137","0","0.003518029903254178"
"2019-08-09","0","3","998","998","0","0.003006012024048096"
"2019-08-10","0","4","801","801","0","0.004993757802746567"
"2019-08-11","0","3","713","713","0","0.004207573632538569"
"2019-08-12","1","2","938","938","0.0010660980810234541","0.0021321961620469083"
"2019-08-13","1","0","1037","1037","0.0009643201542912247","0"
"2019-08-14","0","2","955","955","0","0.0020942408376963353"
"2019-08-15","0","0","601","601","0","0"
"2019-08-16","0","0","871","871","0","0"
"2019-08-17","0","2","799","799","0","0.0025031289111389237"
"2019-08-18","0","0","812","812","0","0"
"2019-08-19","0","0","1031","1031","0","0"
"2019-08-20","0","0","1126","1126","0","0"
"2019-08-21","1","0","1083","1083","0.0009233610341643582","0"
"2019-08-22","0","1","1080","1080","0","0.000925925925925926"
"2019-08-23","0","0","1092","1092","0","0"
"2019-08-24","0","0","878","878","0","0"
"2019-08-25","0","1","798","798","0","0.0012531328320802004"
"2019-08-26","0","2","1152","1152","0","0.001736111111111111"
"2019-08-27","0","1","1141","1141","0","0.0008764241893076249"
"2019-08-28","0","0","659","659","0","0"
"2019-08-29","0","0","478","478","0","0"
"2019-08-30","1","0","1161","1161","0.0008613264427217916","0"
"2019-08-31","0","2","909","909","0","0.0022002200220022"
"2019-09-01","0","0","763","763","0","0"
"2019-09-02","1","2","1159","1159","0.0008628127696289905","0.001725625539257981"
"2019-09-03","0","0","1151","1151","0","0"
"2019-09-04","0","1","1258","1258","0","0.000794912559618442"
"2019-09-05","0","0","1197","1197","0","0"
"2019-09-06","0","0","1134","1134","0","0"
"2019-09-07","0","0","823","823","0","0"
"2019-09-08","0","0","725","725","0","0"
"2019-09-09","0","2","1216","1216","0","0.001644736842105263"
"2019-09-10","0","2","1241","1241","0","0.0016116035455278"
"2019-09-11","0","1","1248","1248","0","0.0008012820512820513"
"2019-09-12","0","0","1273","1273","0","0"
"2019-09-13","1","1","1139","1139","0.000877963125548727","0.000877963125548727"
"2019-09-14","0","0","840","840","0","0"
"2019-09-15","0","0","727","727","0","0"
"2019-09-16","1","2","1213","1213","0.0008244023083264633","0.0016488046166529267"
"2019-09-17","1","1","1317","1317","0.0007593014426727411","0.0007593014426727411"
"2019-09-18","0","1","1247","1247","0","0.0008019246190858059"
"2019-09-19","0","0","1310","1310","0","0"
"2019-09-20","0","1","1248","1248","0","0.0008012820512820513"
"2019-09-21","0","1","940","940","0","0.0010638297872340426"
"2019-09-22","0","0","801","801","0","0"
"2019-09-23","0","0","1330","1330","0","0"
"2019-09-24","0","1","1362","1362","0","0.0007342143906020558"
"2019-09-25","0","1","1342","1342","0","0.0007451564828614009"
"2019-09-26","0","2","1254","1254","0","0.001594896331738437"
"2019-09-27","0","2","1270","1270","0","0.0015748031496062992"
"2019-09-28","1","1","880","880","0.0011363636363636363","0.0011363636363636363"
"2019-09-29","0","2","846","846","0","0.002364066193853428"
"2019-09-30","2","5","1314","1314","0.0015220700152207","0.00380517503805175"
"2019-10-01","0","1","1397","1397","0","0.0007158196134574087"
"2019-10-02","1","1","1296","1296","0.0007716049382716049","0.0007716049382716049"
"2019-10-03","0","1","1266","1266","0","0.0007898894154818325"
"2019-10-04","1","2","1121","1121","0.0008920606601248885","0.001784121320249777"
"2019-10-05","0","1","788","788","0","0.0012690355329949238"
"2019-10-06","0","0","732","732","0","0"
"2019-10-07","2","2","1143","1143","0.0017497812773403325","0.0017497812773403325"
"2019-10-08","0","0","1154","1154","0","0"
"2019-10-09","0","1","1168","1168","0","0.0008561643835616438"
"2019-10-10","0","0","1226","1226","0","0"
"2019-10-11","0","0","1118","1118","0","0"
"2019-10-12","0","2","818","818","0","0.0024449877750611247"
"2019-10-13","0","0","759","759","0","0"
"2019-10-14","0","0","1143","1143","0","0"
"2019-10-15","0","1","1271","1271","0","0.0007867820613690008"
"2019-10-16","1","1","1185","1185","0.0008438818565400844","0.0008438818565400844"
"2019-10-17","0","0","1199","1199","0","0"
"2019-10-18","0","0","1186","1186","0","0"
"2019-10-19","1","1","808","808","0.0012376237623762376","0.0012376237623762376"
"2019-10-20","0","0","708","708","0","0"
"2019-10-21","0","1","1121","1121","0","0.0008920606601248885"
"2019-10-22","0","0","1276","1276","0","0"
"2019-10-23","0","0","1302","1302","0","0"
"2019-10-24","0","1","1299","1299","0","0.0007698229407236335"
"2019-10-25","0","0","1167","1167","0","0"
"2019-10-26","1","0","890","890","0.0011235955056179776","0"
"2019-10-27","0","0","746","746","0","0"
"2019-10-28","1","0","1156","1156","0.0008650519031141869","0"
"2019-10-29","0","0","1148","1148","0","0"
"2019-10-30","0","0","1258","1258","0","0"
"2019-10-31","0","1","1148","1148","0","0.0008710801393728223"
"2019-11-01","0","0","845","845","0","0"
"2019-11-02","0","2","730","730","0","0.0027397260273972603"
"2019-11-03","0","1","447","447","0","0.0022371364653243847"
"2019-11-04","0","1","1139","1139","0","0.000877963125548727"
"2019-11-05","0","0","1194","1194","0","0"
"2019-11-06","0","1","1249","1249","0","0.0008006405124099279"
"2019-11-07","0","2","1218","1218","0","0.0016420361247947454"
"2019-11-08","0","0","1211","1211","0","0"
"2019-11-09","0","2","751","751","0","0.002663115845539281"
"2019-11-10","0","1","750","750","0","0.0013333333333333333"
"2019-11-11","2","1","1105","1105","0.0018099547511312218","0.0009049773755656109"
"2019-11-12","0","0","1178","1178","0","0"
"2019-11-13","0","1","955","955","0","0.0010471204188481676"
"2019-11-14","0","1","1215","1215","0","0.0008230452674897119"
"2019-11-15","0","0","1069","1069","0","0"
"2019-11-16","0","1","744","744","0","0.0013440860215053765"
"2019-11-17","0","1","727","727","0","0.001375515818431912"
"2019-11-18","0","1","1113","1113","0","0.0008984725965858042"
"2019-11-19","0","2","1261","1261","0","0.0015860428231562252"
"2019-11-20","5","4","1157","1157","0.00432152117545376","0.003457216940363008"
"2019-11-21","0","1","1121","1121","0","0.0008920606601248885"
"2019-11-22","0","1","1207","1207","0","0.0008285004142502071"
"2019-11-23","0","1","816","816","0","0.0012254901960784314"
"2019-11-24","0","0","741","741","0","0"
"2019-11-25","0","1","1081","1081","0","0.0009250693802035153"
"2019-11-26","0","1","1263","1263","0","0.000791765637371338"
"2019-11-27","0","0","1245","1245","0","0"
"2019-11-28","0","1","1176","1176","0","0.0008503401360544217"
"2019-11-29","0","1","1171","1171","0","0.0008539709649871904"
"2019-11-30","0","0","665","665","0","0"
"2019-12-01","0","1","534","534","0","0.0018726591760299626"
"2019-12-02","1","1","1163","1163","0.0008598452278589854","0.0008598452278589854"
"2019-12-03","1","0","1204","1204","0.0008305647840531562","0"
"2019-12-04","0","1","1161","1161","0","0.0008613264427217916"
"2019-12-05","0","2","1213","1213","0","0.0016488046166529267"
"2019-12-06","0","3","1172","1172","0","0.002559726962457338"
"2019-12-07","0","0","837","837","0","0"
"2019-12-08","0","2","698","698","0","0.0028653295128939827"
"2019-12-09","0","0","1162","1162","0","0"
"2019-12-10","0","0","1181","1181","0","0"
"2019-12-11","0","2","1236","1236","0","0.0016181229773462784"
"2019-12-12","0","0","1186","1186","0","0"
"2019-12-13","0","1","1193","1193","0","0.0008382229673093043"
"2019-12-14","0","0","876","876","0","0"
"2019-12-15","0","0","791","791","0","0"
"2019-12-16","0","0","1268","1268","0","0"
"2019-12-17","2","0","1252","1252","0.001597444089456869","0"
"2019-12-18","0","3","1245","1245","0","0.0024096385542168677"
"2019-12-19","0","0","1273","1273","0","0"
"2019-12-20","0","1","1182","1182","0","0.0008460236886632825"
"2019-12-21","0","0","827","827","0","0"
"2019-12-22","0","3","712","712","0","0.004213483146067416"
"2019-12-23","0","0","1044","1044","0","0"
"2019-12-24","0","0","660","660","0","0"
"2019-12-25","0","0","399","399","0","0"
"2019-12-26","0","0","599","599","0","0"
"2019-12-27","0","1","949","949","0","0.001053740779768177"
"2019-12-28","0","0","709","709","0","0"
"2019-12-29","0","0","666","666","0","0"
"2019-12-30","0","1","876","876","0","0.001141552511415525"
"2019-12-31","0","1","642","642","0","0.001557632398753894"
"2020-01-01","0","0","603","603","0","0"
"2020-01-02","0","1","946","946","0","0.0010570824524312897"
"2020-01-03","0","1","921","921","0","0.0010857763300760044"
"2020-01-04","0","0","742","742","0","0"
"2020-01-05","0","0","714","714","0","0"
"2020-01-06","0","0","808","808","0","0"
"2020-01-07","0","0","1086","1086","0","0"
"2020-01-08","0","2","1123","1123","0","0.0017809439002671415"
"2020-01-09","0","0","1168","1168","0","0"
"2020-01-10","0","1","1197","1197","0","0.000835421888053467"
"2020-01-11","0","1","837","837","0","0.0011947431302270011"
"2020-01-12","0","2","708","708","0","0.002824858757062147"
"2020-01-13","0","0","1263","1263","0","0"
"2020-01-14","0","2","1409","1409","0","0.0014194464158978"
"2020-01-15","0","0","1382","1382","0","0"
"2020-01-16","1","3","1408","1408","0.0007102272727272727","0.002130681818181818"
"2020-01-17","0","1","1412","1412","0","0.000708215297450425"
"2020-01-18","0","2","956","956","0","0.0020920502092050207"
"2020-01-19","0","0","871","871","0","0"
"2020-01-20","0","0","1300","1300","0","0"
"2020-01-21","0","0","1351","1351","0","0"
"2020-01-22","0","0","1330","1330","0","0"
"2020-01-23","0","0","1340","1340","0","0"
"2020-01-24","1","0","1223","1223","0.0008176614881439084","0"
"2020-01-25","4","2","942","942","0.004246284501061571","0.0021231422505307855"
"2020-01-26","0","3","1030","1030","0","0.002912621359223301"
"2020-01-27","0","1","1239","1239","0","0.0008071025020177562"
"2020-01-28","1","2","1378","1378","0.000725689404934688","0.001451378809869376"
"2020-01-29","0","1","1371","1371","0","0.0007293946024799417"
"2020-01-30","1","4","1416","1416","0.0007062146892655367","0.002824858757062147"
"2020-01-31","1","4","1223","1223","0.0008176614881439084","0.003270645952575634"
"2020-02-01","0","1","903","903","0","0.0011074197120708748"
"2020-02-02","1","2","831","831","0.0012033694344163659","0.0024067388688327317"
"2020-02-03","1","3","1200","1200","0.0008333333333333334","0.0025"
"2020-02-04","2","2","1239","1239","0.0016142050040355124","0.0016142050040355124"
"2020-02-05","1","2","1221","1221","0.000819000819000819","0.001638001638001638"
"2020-02-06","0","1","1271","1271","0","0.0007867820613690008"
"2020-02-07","0","3","1329","1329","0","0.002257336343115124"
"2020-02-08","0","0","1077","1077","0","0"
"2020-02-09","0","2","870","870","0","0.0022988505747126436"
"2020-02-10","0","1","1320","1320","0","0.0007575757575757576"
"2020-02-11","0","3","1436","1436","0","0.0020891364902506965"
"2020-02-12","1","1","1457","1457","0.0006863417982155113","0.0006863417982155113"
"2020-02-13","0","5","1362","1362","0","0.003671071953010279"
"2020-02-14","1","3","1349","1349","0.0007412898443291327","0.002223869532987398"
"2020-02-15","0","1","827","827","0","0.0012091898428053204"
"2020-02-16","1","0","789","789","0.0012674271229404308","0"
"2020-02-17","0","2","1283","1283","0","0.001558846453624318"
"2020-02-18","1","1","1539","1539","0.000649772579597141","0.000649772579597141"
"2020-02-19","0","0","1470","1470","0","0"
"2020-02-20","0","4","1542","1542","0","0.0025940337224383916"
"2020-02-21","0","1","1566","1566","0","0.0006385696040868455"
"2020-02-22","0","6","1074","1074","0","0.00558659217877095"
"2020-02-23","0","3","1022","1022","0","0.0029354207436399216"
"2020-02-24","1","5","1666","1666","0.0006002400960384153","0.003001200480192077"
"2020-02-25","0","4","1590","1590","0","0.0025157232704402514"
"2020-02-26","0","3","1604","1604","0","0.0018703241895261845"
"2020-02-27","2","5","1814","1814","0.0011025358324145535","0.0027563395810363835"
"2020-02-28","0","0","1607","1607","0","0"
"2020-02-29","0","2","1113","1113","0","0.0017969451931716084"
"2020-03-01","0","1","1010","1010","0","0.0009900990099009901"
"2020-03-02","0","2","1706","1706","0","0.0011723329425556857"
"2020-03-03","1","5","1700","1700","0.000588235294117647","0.0029411764705882353"
"2020-03-04","2","4","1663","1663","0.0012026458208057728","0.0024052916416115455"
"2020-03-05","1","1","1610","1610","0.0006211180124223603","0.0006211180124223603"
"2020-03-06","0","3","1502","1502","0","0.0019973368841544607"
"2020-03-07","0","0","1094","1094","0","0"
"2020-03-08","0","0","1134","1134","0","0"
"2020-03-09","1","3","1612","1612","0.0006203473945409429","0.0018610421836228288"
"2020-03-10","0","4","1729","1729","0","0.002313475997686524"
"2020-03-11","0","3","1757","1757","0","0.001707455890722823"
"2020-03-12","0","4","1748","1748","0","0.002288329519450801"
"2020-03-13","2","2","1732","1732","0.0011547344110854503","0.0011547344110854503"
"2020-03-14","1","3","1226","1226","0.0008156606851549756","0.0024469820554649264"
"2020-03-15","0","5","1138","1138","0","0.004393673110720563"
"2020-03-16","0","3","1782","1782","0","0.0016835016835016834"
"2020-03-17","1","4","1866","1866","0.0005359056806002144","0.0021436227224008574"
"2020-03-18","0","4","1763","1763","0","0.0022688598979013048"
"2020-03-19","0","6","1724","1724","0","0.0034802784222737818"
"2020-03-20","1","3","1616","1616","0.0006188118811881188","0.0018564356435643563"
"2020-03-21","0","2","1160","1160","0","0.0017241379310344827"
"2020-03-22","2","7","943","943","0.0021208907741251328","0.007423117709437964"
"2020-03-23","1","8","1583","1583","0.0006317119393556538","0.00505369551484523"
"2020-03-24","0","6","1553","1553","0","0.0038634900193174502"
"2020-03-25","5","18","1632","1632","0.0030637254901960784","0.011029411764705883"
"2020-03-26","0","5","1565","1565","0","0.003194888178913738"
"2020-03-27","1","7","1543","1543","0.0006480881399870382","0.004536616979909268"
"2020-03-28","1","6","1054","1054","0.0009487666034155598","0.0056925996204933585"
"2020-03-29","0","1","939","939","0","0.0010649627263045794"
"2020-03-30","4","12","1618","1618","0.002472187886279357","0.007416563658838072"
"2020-03-31","1","2","1692","1692","0.000591016548463357","0.001182033096926714"
"2020-04-01","0","3","1616","1616","0","0.0018564356435643563"
"2020-04-02","0","6","1544","1544","0","0.0038860103626943004"
"2020-04-03","1","2","1392","1392","0.0007183908045977011","0.0014367816091954023"
"2020-04-04","0","3","960","960","0","0.003125"
"2020-04-05","0","4","853","853","0","0.004689331770222743"
"2020-04-06","3","8","1488","1488","0.0020161290322580645","0.005376344086021506"
"2020-04-07","1","7","1571","1571","0.0006365372374283895","0.004455760661998727"
"2020-04-08","1","4","1448","1448","0.0006906077348066298","0.0027624309392265192"
"2020-04-09","1","4","1383","1383","0.0007230657989877079","0.0028922631959508315"
"2020-04-10","0","4","1332","1332","0","0.003003003003003003"
"2020-04-11","0","0","1017","1017","0","0"
"2020-04-12","0","0","810","810","0","0"
"2020-04-13","0","4","1014","1014","0","0.0039447731755424065"
"2020-04-14","0","4","1521","1521","0","0.0026298487836949377"
"2020-04-15","0","7","1838","1838","0","0.003808487486398259"
"2020-04-16","4","8","1862","1862","0.0021482277121374865","0.004296455424274973"
"2020-04-17","2","11","1644","1644","0.0012165450121654502","0.006690997566909975"
"2020-04-18","2","8","1235","1235","0.0016194331983805667","0.006477732793522267"
"2020-04-19","2","2","1056","1056","0.001893939393939394","0.001893939393939394"
"2020-04-20","4","9","1747","1747","0.0022896393817973667","0.005151688609044075"
"2020-04-21","3","8","1813","1813","0.001654715940430226","0.00441257584114727"
"2020-04-22","3","8","1882","1882","0.001594048884165781","0.004250797024442083"
"2020-04-23","4","10","1683","1683","0.0023767082590612004","0.0059417706476530005"
"2020-04-24","0","4","1562","1562","0","0.002560819462227913"
"2020-04-25","1","2","1113","1113","0.0008984725965858042","0.0017969451931716084"
"2020-04-26","2","5","1089","1089","0.0018365472910927456","0.004591368227731864"
"2020-04-27","0","9","1740","1740","0","0.005172413793103448"
"2020-04-28","3","9","1838","1838","0.001632208922742111","0.004896626768226333"
"2020-04-29","1","8","1866","1866","0.0005359056806002144","0.004287245444801715"
"2020-04-30","0","4","1843","1843","0","0.002170374389582203"
"2020-05-01","1","2","980","980","0.0010204081632653062","0.0020408163265306124"
"2020-05-02","0","4","1182","1182","0","0.00338409475465313"
"2020-05-03","0","3","1100","1100","0","0.0027272727272727275"
"2020-05-04","1","4","1774","1774","0.0005636978579481398","0.002254791431792559"
"2020-05-05","1","7","1762","1762","0.0005675368898978433","0.003972758229284903"
"2020-05-06","1","10","1820","1820","0.0005494505494505495","0.005494505494505495"
"2020-05-07","1","3","1819","1819","0.0005497526113249038","0.0016492578339747114"
"2020-05-08","3","11","1813","1813","0.001654715940430226","0.006067291781577496"
"2020-05-09","2","4","1259","1259","0.0015885623510722795","0.003177124702144559"
"2020-05-10","1","3","1037","1037","0.0009643201542912247","0.0028929604628736743"
"2020-05-11","1","10","1777","1777","0.0005627462014631402","0.005627462014631401"
"2020-05-12","3","7","1842","1842","0.0016286644951140066","0.003800217155266015"
"2020-05-13","0","4","1864","1864","0","0.002145922746781116"
"2020-05-14","2","6","1689","1689","0.0011841326228537595","0.003552397868561279"
"2020-05-15","1","3","1573","1573","0.0006357279084551812","0.0019071837253655435"
"2020-05-16","0","6","1026","1026","0","0.005847953216374269"
"2020-05-17","0","3","1067","1067","0","0.0028116213683223993"
"2020-05-18","2","5","1798","1798","0.0011123470522803114","0.0027808676307007787"
"2020-05-19","1","12","1811","1811","0.0005521811154058532","0.006626173384870237"
"2020-05-20","1","6","1866","1866","0.0005359056806002144","0.003215434083601286"
"2020-05-21","1","4","2066","2066","0.000484027105517909","0.001936108422071636"
"2020-05-22","1","1","1950","1950","0.0005128205128205128","0.0005128205128205128"
"2020-05-23","1","4","1338","1338","0.0007473841554559044","0.0029895366218236174"
"2020-05-24","1","3","1144","1144","0.0008741258741258741","0.0026223776223776225"
"2020-05-25","0","1","1886","1886","0","0.0005302226935312832"
"2020-05-26","0","13","1984","1984","0","0.00655241935483871"
"2020-05-27","1","10","1901","1901","0.0005260389268805891","0.0052603892688058915"
"2020-05-28","0","6","1912","1912","0","0.0031380753138075313"
"2020-05-29","1","9","1813","1813","0.0005515719801434088","0.004964147821290678"
"2020-05-30","0","3","1272","1272","0","0.0023584905660377358"
"2020-05-31","0","4","1128","1128","0","0.0035460992907801418"
"2020-06-01","2","13","1798","1798","0.0011123470522803114","0.007230255839822024"
"2020-06-02","2","4","1408","1408","0.0014204545454545455","0.002840909090909091"
"2020-06-03","0","6","1998","1998","0","0.003003003003003003"
"2020-06-04","0","6","1847","1847","0","0.0032485110990795887"
"2020-06-05","0","10","1936","1936","0","0.005165289256198347"
"2020-06-06","0","4","1245","1245","0","0.00321285140562249"
"2020-06-07","0","4","1155","1155","0","0.003463203463203463"
"2020-06-08","0","8","1784","1784","0","0.004484304932735426"
"2020-06-09","2","6","1851","1851","0.0010804970286331713","0.0032414910858995136"
"2020-06-10","0","5","1996","1996","0","0.00250501002004008"
"2020-06-11","3","4","1867","1867","0.0016068559185859668","0.0021424745581146223"
"2020-06-12","0","3","1802","1802","0","0.001664816870144284"
"2020-06-13","0","7","1237","1237","0","0.005658852061438965"
"2020-06-14","2","5","1077","1077","0.0018570102135561746","0.004642525533890436"
"2020-06-15","1","8","1929","1929","0.0005184033177812338","0.00414722654224987"
"2020-06-16","0","3","1782","1782","0","0.0016835016835016834"
"2020-06-17","0","5","2005","2005","0","0.0024937655860349127"
"2020-06-18","1","2","1977","1977","0.0005058168942842691","0.0010116337885685382"
"2020-06-19","1","3","1910","1910","0.0005235602094240838","0.0015706806282722514"
"2020-06-20","0","3","1307","1307","0","0.0022953328232593728"
"2020-06-21","0","4","1070","1070","0","0.003738317757009346"
"2020-06-22","1","2","1851","1851","0.0005402485143165856","0.0010804970286331713"
"2020-06-23","1","7","1794","1794","0.0005574136008918618","0.0039018952062430325"
"2020-06-24","0","1","1950","1950","0","0.0005128205128205128"
"2020-06-25","2","1","1864","1864","0.001072961373390558","0.000536480686695279"
"2020-06-26","0","2","1756","1756","0","0.0011389521640091116"
"2020-06-27","0","3","1258","1258","0","0.0023847376788553257"
"2020-06-28","2","3","1182","1182","0.001692047377326565","0.0025380710659898475"
"2020-06-29","0","4","1687","1687","0","0.0023710729104919974"
"2020-06-30","2","3","1893","1893","0.0010565240359218173","0.001584786053882726"
"2020-07-01","0","2","1874","1874","0","0.0010672358591248667"
"2020-07-02","0","1","1837","1837","0","0.0005443658138268917"
"2020-07-03","0","14","1721","1721","0","0.008134805345729227"
"2020-07-04","0","3","1285","1285","0","0.0023346303501945525"
"2020-07-05","0","4","1112","1112","0","0.0035971223021582736"
"2020-07-06","0","2","1748","1748","0","0.0011441647597254005"
"2020-07-07","2","7","2337","2337","0.0008557980316645272","0.002995293110825845"
"2020-07-08","0","4","2274","2274","0","0.001759014951627089"
"2020-07-09","1","5","2167","2167","0.00046146746654360867","0.0023073373327180432"
"2020-07-10","0","4","2125","2125","0","0.0018823529411764706"
"2020-07-11","1","3","1457","1457","0.0006863417982155113","0.002059025394646534"
"2020-07-12","0","3","1314","1314","0","0.00228310502283105"
"2020-07-13","0","2","2066","2066","0","0.000968054211035818"
"2020-07-14","0","2","2034","2034","0","0.0009832841691248771"
"2020-07-15","2","1","2275","2275","0.0008791208791208791","0.00043956043956043956"
"2020-07-16","1","3","2163","2163","0.0004623208506703652","0.0013869625520110957"
"2020-07-17","2","3","2127","2127","0.0009402914903620122","0.0014104372355430183"
"2020-07-18","0","2","1383","1383","0","0.0014461315979754157"
"2020-07-19","0","0","1306","1306","0","0"
"2020-07-20","1","4","2050","2050","0.0004878048780487805","0.001951219512195122"
"2020-07-21","3","4","2233","2233","0.0013434841021047917","0.0017913121361397223"
"2020-07-22","3","6","2250","2250","0.0013333333333333333","0.0026666666666666666"
"2020-07-23","0","8","2048","2048","0","0.00390625"
"2020-07-24","0","0","1490","1490","0","0"
"2020-07-25","0","1","129","129","0","0.007751937984496124"
"2020-07-26","0","1","151","151","0","0.006622516556291391"
"2020-07-27","1","2","272","272","0.003676470588235294","0.007352941176470588"
"2020-07-28","4","2","545","545","0.007339449541284404","0.003669724770642202"
"2020-07-29","9","7","1624","1624","0.005541871921182266","0.004310344827586207"
"2020-07-30","2","7","2021","2021","0.0009896091044037606","0.0034636318654131617"
"2020-07-31","1","6","2127","2127","0.0004701457451810061","0.0028208744710860366"
"2020-08-01","5","6","1573","1573","0.003178639542275906","0.003814367450731087"
"2020-08-02","1","0","1273","1273","0.0007855459544383347","0"
"2020-08-03","2","7","2048","2048","0.0009765625","0.00341796875"
"2020-08-04","1","1","1398","1398","0.000715307582260372","0.000715307582260372"
"2020-08-05","0","1","255","255","0","0.00392156862745098"
"2020-08-06","0","0","415","415","0","0"
"2020-08-07","0","1","741","741","0","0.001349527665317139"
"2020-08-08","1","1","1479","1479","0.000676132521974307","0.000676132521974307"
"2020-08-09","0","1","1466","1466","0","0.0006821282401091405"
"2020-08-10","1","2","1993","1993","0.0005017561465127947","0.0010035122930255895"
"2020-08-11","1","4","1979","1979","0.0005053057099545225","0.00202122283981809"
"2020-08-12","2","6","1847","1847","0.0010828370330265296","0.0032485110990795887"
"2020-08-13","0","3","1798","1798","0","0.0016685205784204673"
"2020-08-14","0","2","1730","1730","0","0.0011560693641618498"
"2020-08-15","2","1","1072","1072","0.0018656716417910447","0.0009328358208955224"
"2020-08-16","2","7","1163","1163","0.0017196904557179708","0.0060189165950128975"
"2020-08-17","1","3","1848","1848","0.0005411255411255411","0.0016233766233766235"
"2020-08-18","1","0","1839","1839","0.000543773790103317","0"
"2020-08-19","0","4","1864","1864","0","0.002145922746781116"
"2020-08-20","3","11","1856","1856","0.0016163793103448276","0.005926724137931034"
"2020-08-21","0","5","1862","1862","0","0.0026852846401718583"
"2020-08-22","0","2","1384","1384","0","0.001445086705202312"
"2020-08-23","0","0","1318","1318","0","0"
"2020-08-24","1","6","1896","1896","0.0005274261603375527","0.0031645569620253164"
"2020-08-25","0","9","2105","2105","0","0.004275534441805225"
"2020-08-26","1","6","2039","2039","0.0004904364884747426","0.0029426189308484553"
"2020-08-27","0","3","2230","2230","0","0.0013452914798206279"
"2020-08-28","0","4","2178","2178","0","0.0018365472910927456"
"2020-08-29","0","0","1583","1583","0","0"
"2020-08-30","0","9","1358","1358","0","0.0066273932253313695"
"2020-08-31","2","3","2205","2205","0.0009070294784580499","0.0013605442176870747"
"2020-09-01","5","11","2479","2479","0.002016942315449778","0.004437273093989512"
